,iter,norm
0,1,"{'number_adjacent_facts_other_value': 1, 'number_other_facts_same_value': 1, 'number_other_facts_other_value': 1, 'adjacent_col_used': 1, 'adjacent_row_used': 1, 'adjacent_block_used': 1, 'other_col_cons': 1, 'other_row_cons': 1, 'other_block_cons': 1, 'number_adjacent_row_facts': 1, 'number_adjacent_col_facts': 1, 'number_adjacent_block_facts': 1}"
1,2,"{'number_adjacent_facts_other_value': 6, 'number_other_facts_same_value': 4, 'number_other_facts_other_value': 15, 'adjacent_col_used': 1, 'adjacent_row_used': 1, 'adjacent_block_used': 1, 'other_col_cons': 8, 'other_row_cons': 8, 'other_block_cons': 8, 'number_adjacent_row_facts': 2, 'number_adjacent_col_facts': 2, 'number_adjacent_block_facts': 4}"
2,3,"{'number_adjacent_facts_other_value': 3, 'number_other_facts_same_value': 4, 'number_other_facts_other_value': 2, 'adjacent_col_used': 1, 'adjacent_row_used': 1, 'adjacent_block_used': 1, 'other_col_cons': 2, 'other_row_cons': 2, 'other_block_cons': 4, 'number_adjacent_row_facts': 1, 'number_adjacent_col_facts': 2, 'number_adjacent_block_facts': 3}"
3,4,"{'number_adjacent_facts_other_value': 1, 'number_other_facts_same_value': 3, 'number_other_facts_other_value': 1, 'adjacent_col_used': 1, 'adjacent_row_used': 1, 'adjacent_block_used': 1, 'other_col_cons': 2, 'other_row_cons': 1, 'other_block_cons': 2, 'number_adjacent_row_facts': 1, 'number_adjacent_col_facts': 1, 'number_adjacent_block_facts': 1}"
4,5,"{'number_adjacent_facts_other_value': 2, 'number_other_facts_same_value': 2, 'number_other_facts_other_value': 1, 'adjacent_col_used': 1, 'adjacent_row_used': 1, 'adjacent_block_used': 1, 'other_col_cons': 2, 'other_row_cons': 1, 'other_block_cons': 2, 'number_adjacent_row_facts': 1, 'number_adjacent_col_facts': 2, 'number_adjacent_block_facts': 2}"
5,6,"{'number_adjacent_facts_other_value': 1, 'number_other_facts_same_value': 3, 'number_other_facts_other_value': 1, 'adjacent_col_used': 1, 'adjacent_row_used': 1, 'adjacent_block_used': 1, 'other_col_cons': 1, 'other_row_cons': 2, 'other_block_cons': 2, 'number_adjacent_row_facts': 1, 'number_adjacent_col_facts': 1, 'number_adjacent_block_facts': 1}"
6,7,"{'number_adjacent_facts_other_value': 2, 'number_other_facts_same_value': 2, 'number_other_facts_other_value': 1, 'adjacent_col_used': 1, 'adjacent_row_used': 1, 'adjacent_block_used': 1, 'other_col_cons': 1, 'other_row_cons': 2, 'other_block_cons': 2, 'number_adjacent_row_facts': 2, 'number_adjacent_col_facts': 1, 'number_adjacent_block_facts': 2}"
7,8,"{'number_adjacent_facts_other_value': 1, 'number_other_facts_same_value': 3, 'number_other_facts_other_value': 1, 'adjacent_col_used': 1, 'adjacent_row_used': 1, 'adjacent_block_used': 1, 'other_col_cons': 1, 'other_row_cons': 2, 'other_block_cons': 8, 'number_adjacent_row_facts': 1, 'number_adjacent_col_facts': 1, 'number_adjacent_block_facts': 1}"
8,9,"{'number_adjacent_facts_other_value': 5, 'number_other_facts_same_value': 1, 'number_other_facts_other_value': 1, 'adjacent_col_used': 1, 'adjacent_row_used': 1, 'adjacent_block_used': 1, 'other_col_cons': 1, 'other_row_cons': 1, 'other_block_cons': 2, 'number_adjacent_row_facts': 2, 'number_adjacent_col_facts': 2, 'number_adjacent_block_facts': 5}"
9,10,"{'number_adjacent_facts_other_value': 4, 'number_other_facts_same_value': 3, 'number_other_facts_other_value': 1, 'adjacent_col_used': 1, 'adjacent_row_used': 1, 'adjacent_block_used': 1, 'other_col_cons': 1, 'other_row_cons': 1, 'other_block_cons': 2, 'number_adjacent_row_facts': 1, 'number_adjacent_col_facts': 4, 'number_adjacent_block_facts': 1}"
10,11,"{'number_adjacent_facts_other_value': 4, 'number_other_facts_same_value': 3, 'number_other_facts_other_value': 1, 'adjacent_col_used': 1, 'adjacent_row_used': 1, 'adjacent_block_used': 1, 'other_col_cons': 1, 'other_row_cons': 1, 'other_block_cons': 2, 'number_adjacent_row_facts': 4, 'number_adjacent_col_facts': 1, 'number_adjacent_block_facts': 1}"
11,12,"{'number_adjacent_facts_other_value': 4, 'number_other_facts_same_value': 3, 'number_other_facts_other_value': 1, 'adjacent_col_used': 1, 'adjacent_row_used': 1, 'adjacent_block_used': 1, 'other_col_cons': 2, 'other_row_cons': 1, 'other_block_cons': 2, 'number_adjacent_row_facts': 4, 'number_adjacent_col_facts': 1, 'number_adjacent_block_facts': 1}"
12,13,"{'number_adjacent_facts_other_value': 1, 'number_other_facts_same_value': 4, 'number_other_facts_other_value': 1, 'adjacent_col_used': 1, 'adjacent_row_used': 1, 'adjacent_block_used': 1, 'other_col_cons': 2, 'other_row_cons': 1, 'other_block_cons': 2, 'number_adjacent_row_facts': 1, 'number_adjacent_col_facts': 1, 'number_adjacent_block_facts': 1}"
13,14,"{'number_adjacent_facts_other_value': 10, 'number_other_facts_same_value': 2, 'number_other_facts_other_value': 1, 'adjacent_col_used': 1, 'adjacent_row_used': 1, 'adjacent_block_used': 1, 'other_col_cons': 2, 'other_row_cons': 1, 'other_block_cons': 2, 'number_adjacent_row_facts': 6, 'number_adjacent_col_facts': 2, 'number_adjacent_block_facts': 5}"
14,15,"{'number_adjacent_facts_other_value': 4, 'number_other_facts_same_value': 3, 'number_other_facts_other_value': 1, 'adjacent_col_used': 1, 'adjacent_row_used': 1, 'adjacent_block_used': 1, 'other_col_cons': 1, 'other_row_cons': 1, 'other_block_cons': 2, 'number_adjacent_row_facts': 1, 'number_adjacent_col_facts': 4, 'number_adjacent_block_facts': 1}"
15,16,"{'number_adjacent_facts_other_value': 5, 'number_other_facts_same_value': 2, 'number_other_facts_other_value': 1, 'adjacent_col_used': 1, 'adjacent_row_used': 1, 'adjacent_block_used': 1, 'other_col_cons': 1, 'other_row_cons': 1, 'other_block_cons': 1, 'number_adjacent_row_facts': 1, 'number_adjacent_col_facts': 4, 'number_adjacent_block_facts': 2}"
16,17,"{'number_adjacent_facts_other_value': 1, 'number_other_facts_same_value': 4, 'number_other_facts_other_value': 1, 'adjacent_col_used': 1, 'adjacent_row_used': 1, 'adjacent_block_used': 1, 'other_col_cons': 1, 'other_row_cons': 2, 'other_block_cons': 4, 'number_adjacent_row_facts': 1, 'number_adjacent_col_facts': 1, 'number_adjacent_block_facts': 1}"
17,18,"{'number_adjacent_facts_other_value': 4, 'number_other_facts_same_value': 3, 'number_other_facts_other_value': 1, 'adjacent_col_used': 1, 'adjacent_row_used': 1, 'adjacent_block_used': 1, 'other_col_cons': 1, 'other_row_cons': 2, 'other_block_cons': 1, 'number_adjacent_row_facts': 1, 'number_adjacent_col_facts': 4, 'number_adjacent_block_facts': 2}"
18,19,"{'number_adjacent_facts_other_value': 2, 'number_other_facts_same_value': 3, 'number_other_facts_other_value': 1, 'adjacent_col_used': 1, 'adjacent_row_used': 1, 'adjacent_block_used': 1, 'other_col_cons': 1, 'other_row_cons': 2, 'other_block_cons': 2, 'number_adjacent_row_facts': 1, 'number_adjacent_col_facts': 1, 'number_adjacent_block_facts': 1}"
19,20,"{'number_adjacent_facts_other_value': 5, 'number_other_facts_same_value': 1, 'number_other_facts_other_value': 1, 'adjacent_col_used': 1, 'adjacent_row_used': 1, 'adjacent_block_used': 1, 'other_col_cons': 1, 'other_row_cons': 1, 'other_block_cons': 1, 'number_adjacent_row_facts': 1, 'number_adjacent_col_facts': 5, 'number_adjacent_block_facts': 2}"
20,21,"{'number_adjacent_facts_other_value': 5, 'number_other_facts_same_value': 2, 'number_other_facts_other_value': 1, 'adjacent_col_used': 1, 'adjacent_row_used': 1, 'adjacent_block_used': 1, 'other_col_cons': 1, 'other_row_cons': 1, 'other_block_cons': 2, 'number_adjacent_row_facts': 1, 'number_adjacent_col_facts': 5, 'number_adjacent_block_facts': 2}"
21,22,"{'number_adjacent_facts_other_value': 8, 'number_other_facts_same_value': 1, 'number_other_facts_other_value': 1, 'adjacent_col_used': 1, 'adjacent_row_used': 1, 'adjacent_block_used': 1, 'other_col_cons': 1, 'other_row_cons': 1, 'other_block_cons': 1, 'number_adjacent_row_facts': 1, 'number_adjacent_col_facts': 8, 'number_adjacent_block_facts': 3}"
22,23,"{'number_adjacent_facts_other_value': 7, 'number_other_facts_same_value': 3, 'number_other_facts_other_value': 4, 'adjacent_col_used': 1, 'adjacent_row_used': 1, 'adjacent_block_used': 1, 'other_col_cons': 1, 'other_row_cons': 3, 'other_block_cons': 1, 'number_adjacent_row_facts': 2, 'number_adjacent_col_facts': 3, 'number_adjacent_block_facts': 3}"
23,24,"{'number_adjacent_facts_other_value': 2, 'number_other_facts_same_value': 4, 'number_other_facts_other_value': 1, 'adjacent_col_used': 1, 'adjacent_row_used': 1, 'adjacent_block_used': 1, 'other_col_cons': 1, 'other_row_cons': 3, 'other_block_cons': 2, 'number_adjacent_row_facts': 1, 'number_adjacent_col_facts': 2, 'number_adjacent_block_facts': 1}"
24,25,"{'number_adjacent_facts_other_value': 6, 'number_other_facts_same_value': 2, 'number_other_facts_other_value': 4, 'adjacent_col_used': 1, 'adjacent_row_used': 1, 'adjacent_block_used': 1, 'other_col_cons': 1, 'other_row_cons': 2, 'other_block_cons': 1, 'number_adjacent_row_facts': 2, 'number_adjacent_col_facts': 4, 'number_adjacent_block_facts': 4}"
25,26,"{'number_adjacent_facts_other_value': 5, 'number_other_facts_same_value': 1, 'number_other_facts_other_value': 2, 'adjacent_col_used': 1, 'adjacent_row_used': 1, 'adjacent_block_used': 1, 'other_col_cons': 1, 'other_row_cons': 1, 'other_block_cons': 1, 'number_adjacent_row_facts': 5, 'number_adjacent_col_facts': 2, 'number_adjacent_block_facts': 2}"
26,27,"{'number_adjacent_facts_other_value': 5, 'number_other_facts_same_value': 2, 'number_other_facts_other_value': 1, 'adjacent_col_used': 1, 'adjacent_row_used': 1, 'adjacent_block_used': 1, 'other_col_cons': 1, 'other_row_cons': 1, 'other_block_cons': 2, 'number_adjacent_row_facts': 2, 'number_adjacent_col_facts': 1, 'number_adjacent_block_facts': 5}"
27,28,"{'number_adjacent_facts_other_value': 5, 'number_other_facts_same_value': 2, 'number_other_facts_other_value': 1, 'adjacent_col_used': 1, 'adjacent_row_used': 1, 'adjacent_block_used': 1, 'other_col_cons': 1, 'other_row_cons': 1, 'other_block_cons': 1, 'number_adjacent_row_facts': 5, 'number_adjacent_col_facts': 1, 'number_adjacent_block_facts': 2}"
28,29,"{'number_adjacent_facts_other_value': 5, 'number_other_facts_same_value': 2, 'number_other_facts_other_value': 1, 'adjacent_col_used': 1, 'adjacent_row_used': 1, 'adjacent_block_used': 1, 'other_col_cons': 1, 'other_row_cons': 1, 'other_block_cons': 2, 'number_adjacent_row_facts': 5, 'number_adjacent_col_facts': 1, 'number_adjacent_block_facts': 2}"
29,30,"{'number_adjacent_facts_other_value': 5, 'number_other_facts_same_value': 1, 'number_other_facts_other_value': 1, 'adjacent_col_used': 1, 'adjacent_row_used': 1, 'adjacent_block_used': 1, 'other_col_cons': 1, 'other_row_cons': 1, 'other_block_cons': 2, 'number_adjacent_row_facts': 1, 'number_adjacent_col_facts': 2, 'number_adjacent_block_facts': 5}"
30,31,"{'number_adjacent_facts_other_value': 8, 'number_other_facts_same_value': 1, 'number_other_facts_other_value': 1, 'adjacent_col_used': 1, 'adjacent_row_used': 1, 'adjacent_block_used': 1, 'other_col_cons': 1, 'other_row_cons': 1, 'other_block_cons': 1, 'number_adjacent_row_facts': 3, 'number_adjacent_col_facts': 2, 'number_adjacent_block_facts': 8}"
31,32,"{'number_adjacent_facts_other_value': 3, 'number_other_facts_same_value': 3, 'number_other_facts_other_value': 1, 'adjacent_col_used': 1, 'adjacent_row_used': 1, 'adjacent_block_used': 1, 'other_col_cons': 2, 'other_row_cons': 1, 'other_block_cons': 2, 'number_adjacent_row_facts': 3, 'number_adjacent_col_facts': 1, 'number_adjacent_block_facts': 1}"
32,33,"{'number_adjacent_facts_other_value': 3, 'number_other_facts_same_value': 2, 'number_other_facts_other_value': 1, 'adjacent_col_used': 1, 'adjacent_row_used': 1, 'adjacent_block_used': 1, 'other_col_cons': 1, 'other_row_cons': 1, 'other_block_cons': 2, 'number_adjacent_row_facts': 1, 'number_adjacent_col_facts': 1, 'number_adjacent_block_facts': 3}"
33,34,"{'number_adjacent_facts_other_value': 2, 'number_other_facts_same_value': 3, 'number_other_facts_other_value': 1, 'adjacent_col_used': 1, 'adjacent_row_used': 1, 'adjacent_block_used': 1, 'other_col_cons': 1, 'other_row_cons': 1, 'other_block_cons': 2, 'number_adjacent_row_facts': 2, 'number_adjacent_col_facts': 1, 'number_adjacent_block_facts': 2}"
34,35,"{'number_adjacent_facts_other_value': 5, 'number_other_facts_same_value': 1, 'number_other_facts_other_value': 1, 'adjacent_col_used': 1, 'adjacent_row_used': 1, 'adjacent_block_used': 1, 'other_col_cons': 1, 'other_row_cons': 1, 'other_block_cons': 1, 'number_adjacent_row_facts': 2, 'number_adjacent_col_facts': 2, 'number_adjacent_block_facts': 5}"
35,36,"{'number_adjacent_facts_other_value': 5, 'number_other_facts_same_value': 1, 'number_other_facts_other_value': 1, 'adjacent_col_used': 1, 'adjacent_row_used': 1, 'adjacent_block_used': 1, 'other_col_cons': 1, 'other_row_cons': 1, 'other_block_cons': 1, 'number_adjacent_row_facts': 5, 'number_adjacent_col_facts': 1, 'number_adjacent_block_facts': 5}"
36,37,"{'number_adjacent_facts_other_value': 8, 'number_other_facts_same_value': 1, 'number_other_facts_other_value': 1, 'adjacent_col_used': 1, 'adjacent_row_used': 1, 'adjacent_block_used': 1, 'other_col_cons': 1, 'other_row_cons': 1, 'other_block_cons': 1, 'number_adjacent_row_facts': 8, 'number_adjacent_col_facts': 2, 'number_adjacent_block_facts': 8}"
37,38,"{'number_adjacent_facts_other_value': 8, 'number_other_facts_same_value': 1, 'number_other_facts_other_value': 1, 'adjacent_col_used': 1, 'adjacent_row_used': 1, 'adjacent_block_used': 1, 'other_col_cons': 1, 'other_row_cons': 1, 'other_block_cons': 1, 'number_adjacent_row_facts': 8, 'number_adjacent_col_facts': 2, 'number_adjacent_block_facts': 8}"
38,39,"{'number_adjacent_facts_other_value': 8, 'number_other_facts_same_value': 1, 'number_other_facts_other_value': 1, 'adjacent_col_used': 1, 'adjacent_row_used': 1, 'adjacent_block_used': 1, 'other_col_cons': 1, 'other_row_cons': 1, 'other_block_cons': 1, 'number_adjacent_row_facts': 8, 'number_adjacent_col_facts': 2, 'number_adjacent_block_facts': 8}"
39,40,"{'number_adjacent_facts_other_value': 8, 'number_other_facts_same_value': 1, 'number_other_facts_other_value': 1, 'adjacent_col_used': 1, 'adjacent_row_used': 1, 'adjacent_block_used': 1, 'other_col_cons': 1, 'other_row_cons': 1, 'other_block_cons': 1, 'number_adjacent_row_facts': 8, 'number_adjacent_col_facts': 2, 'number_adjacent_block_facts': 8}"
40,41,"{'number_adjacent_facts_other_value': 7, 'number_other_facts_same_value': 1, 'number_other_facts_other_value': 1, 'adjacent_col_used': 1, 'adjacent_row_used': 1, 'adjacent_block_used': 1, 'other_col_cons': 1, 'other_row_cons': 1, 'other_block_cons': 1, 'number_adjacent_row_facts': 1, 'number_adjacent_col_facts': 7, 'number_adjacent_block_facts': 4}"
41,42,"{'number_adjacent_facts_other_value': 8, 'number_other_facts_same_value': 1, 'number_other_facts_other_value': 1, 'adjacent_col_used': 1, 'adjacent_row_used': 1, 'adjacent_block_used': 1, 'other_col_cons': 1, 'other_row_cons': 1, 'other_block_cons': 1, 'number_adjacent_row_facts': 1, 'number_adjacent_col_facts': 8, 'number_adjacent_block_facts': 4}"
42,43,"{'number_adjacent_facts_other_value': 1, 'number_other_facts_same_value': 3, 'number_other_facts_other_value': 1, 'adjacent_col_used': 1, 'adjacent_row_used': 1, 'adjacent_block_used': 1, 'other_col_cons': 1, 'other_row_cons': 2, 'other_block_cons': 2, 'number_adjacent_row_facts': 1, 'number_adjacent_col_facts': 1, 'number_adjacent_block_facts': 1}"
43,44,"{'number_adjacent_facts_other_value': 2, 'number_other_facts_same_value': 3, 'number_other_facts_other_value': 1, 'adjacent_col_used': 1, 'adjacent_row_used': 1, 'adjacent_block_used': 1, 'other_col_cons': 1, 'other_row_cons': 1, 'other_block_cons': 2, 'number_adjacent_row_facts': 1, 'number_adjacent_col_facts': 2, 'number_adjacent_block_facts': 2}"
44,45,"{'number_adjacent_facts_other_value': 2, 'number_other_facts_same_value': 3, 'number_other_facts_other_value': 1, 'adjacent_col_used': 1, 'adjacent_row_used': 1, 'adjacent_block_used': 1, 'other_col_cons': 1, 'other_row_cons': 1, 'other_block_cons': 2, 'number_adjacent_row_facts': 2, 'number_adjacent_col_facts': 1, 'number_adjacent_block_facts': 2}"
45,46,"{'number_adjacent_facts_other_value': 5, 'number_other_facts_same_value': 2, 'number_other_facts_other_value': 1, 'adjacent_col_used': 1, 'adjacent_row_used': 1, 'adjacent_block_used': 1, 'other_col_cons': 1, 'other_row_cons': 1, 'other_block_cons': 2, 'number_adjacent_row_facts': 1, 'number_adjacent_col_facts': 5, 'number_adjacent_block_facts': 2}"
46,47,"{'number_adjacent_facts_other_value': 8, 'number_other_facts_same_value': 1, 'number_other_facts_other_value': 1, 'adjacent_col_used': 1, 'adjacent_row_used': 1, 'adjacent_block_used': 1, 'other_col_cons': 1, 'other_row_cons': 1, 'other_block_cons': 1, 'number_adjacent_row_facts': 1, 'number_adjacent_col_facts': 8, 'number_adjacent_block_facts': 2}"
47,48,"{'number_adjacent_facts_other_value': 6, 'number_other_facts_same_value': 2, 'number_other_facts_other_value': 1, 'adjacent_col_used': 1, 'adjacent_row_used': 1, 'adjacent_block_used': 1, 'other_col_cons': 1, 'other_row_cons': 1, 'other_block_cons': 2, 'number_adjacent_row_facts': 1, 'number_adjacent_col_facts': 6, 'number_adjacent_block_facts': 1}"
48,49,"{'number_adjacent_facts_other_value': 7, 'number_other_facts_same_value': 2, 'number_other_facts_other_value': 1, 'adjacent_col_used': 1, 'adjacent_row_used': 1, 'adjacent_block_used': 1, 'other_col_cons': 1, 'other_row_cons': 1, 'other_block_cons': 1, 'number_adjacent_row_facts': 1, 'number_adjacent_col_facts': 7, 'number_adjacent_block_facts': 1}"
49,50,"{'number_adjacent_facts_other_value': 8, 'number_other_facts_same_value': 1, 'number_other_facts_other_value': 1, 'adjacent_col_used': 1, 'adjacent_row_used': 1, 'adjacent_block_used': 1, 'other_col_cons': 1, 'other_row_cons': 1, 'other_block_cons': 1, 'number_adjacent_row_facts': 1, 'number_adjacent_col_facts': 7, 'number_adjacent_block_facts': 2}"
50,51,"{'number_adjacent_facts_other_value': 8, 'number_other_facts_same_value': 1, 'number_other_facts_other_value': 1, 'adjacent_col_used': 1, 'adjacent_row_used': 1, 'adjacent_block_used': 1, 'other_col_cons': 1, 'other_row_cons': 1, 'other_block_cons': 1, 'number_adjacent_row_facts': 1, 'number_adjacent_col_facts': 8, 'number_adjacent_block_facts': 2}"
51,52,"{'number_adjacent_facts_other_value': 6, 'number_other_facts_same_value': 2, 'number_other_facts_other_value': 1, 'adjacent_col_used': 1, 'adjacent_row_used': 1, 'adjacent_block_used': 1, 'other_col_cons': 1, 'other_row_cons': 2, 'other_block_cons': 2, 'number_adjacent_row_facts': 2, 'number_adjacent_col_facts': 6, 'number_adjacent_block_facts': 2}"
52,53,"{'number_adjacent_facts_other_value': 8, 'number_other_facts_same_value': 1, 'number_other_facts_other_value': 1, 'adjacent_col_used': 1, 'adjacent_row_used': 1, 'adjacent_block_used': 1, 'other_col_cons': 1, 'other_row_cons': 1, 'other_block_cons': 1, 'number_adjacent_row_facts': 1, 'number_adjacent_col_facts': 8, 'number_adjacent_block_facts': 2}"
53,54,"{'number_adjacent_facts_other_value': 7, 'number_other_facts_same_value': 1, 'number_other_facts_other_value': 1, 'adjacent_col_used': 1, 'adjacent_row_used': 1, 'adjacent_block_used': 1, 'other_col_cons': 1, 'other_row_cons': 1, 'other_block_cons': 1, 'number_adjacent_row_facts': 1, 'number_adjacent_col_facts': 7, 'number_adjacent_block_facts': 2}"
54,55,"{'number_adjacent_facts_other_value': 8, 'number_other_facts_same_value': 1, 'number_other_facts_other_value': 1, 'adjacent_col_used': 1, 'adjacent_row_used': 1, 'adjacent_block_used': 1, 'other_col_cons': 1, 'other_row_cons': 1, 'other_block_cons': 1, 'number_adjacent_row_facts': 2, 'number_adjacent_col_facts': 7, 'number_adjacent_block_facts': 1}"
55,56,"{'number_adjacent_facts_other_value': 8, 'number_other_facts_same_value': 1, 'number_other_facts_other_value': 1, 'adjacent_col_used': 1, 'adjacent_row_used': 1, 'adjacent_block_used': 1, 'other_col_cons': 1, 'other_row_cons': 1, 'other_block_cons': 1, 'number_adjacent_row_facts': 1, 'number_adjacent_col_facts': 8, 'number_adjacent_block_facts': 2}"
56,57,"{'number_adjacent_facts_other_value': 8, 'number_other_facts_same_value': 1, 'number_other_facts_other_value': 1, 'adjacent_col_used': 1, 'adjacent_row_used': 1, 'adjacent_block_used': 1, 'other_col_cons': 1, 'other_row_cons': 1, 'other_block_cons': 1, 'number_adjacent_row_facts': 1, 'number_adjacent_col_facts': 8, 'number_adjacent_block_facts': 6}"
57,58,"{'number_adjacent_facts_other_value': 1, 'number_other_facts_same_value': 3, 'number_other_facts_other_value': 1, 'adjacent_col_used': 1, 'adjacent_row_used': 1, 'adjacent_block_used': 1, 'other_col_cons': 2, 'other_row_cons': 1, 'other_block_cons': 2, 'number_adjacent_row_facts': 1, 'number_adjacent_col_facts': 1, 'number_adjacent_block_facts': 1}"
58,59,"{'number_adjacent_facts_other_value': 3, 'number_other_facts_same_value': 2, 'number_other_facts_other_value': 1, 'adjacent_col_used': 1, 'adjacent_row_used': 1, 'adjacent_block_used': 1, 'other_col_cons': 1, 'other_row_cons': 1, 'other_block_cons': 2, 'number_adjacent_row_facts': 1, 'number_adjacent_col_facts': 1, 'number_adjacent_block_facts': 3}"
59,60,"{'number_adjacent_facts_other_value': 1, 'number_other_facts_same_value': 3, 'number_other_facts_other_value': 1, 'adjacent_col_used': 1, 'adjacent_row_used': 1, 'adjacent_block_used': 1, 'other_col_cons': 1, 'other_row_cons': 2, 'other_block_cons': 2, 'number_adjacent_row_facts': 1, 'number_adjacent_col_facts': 1, 'number_adjacent_block_facts': 1}"
60,61,"{'number_adjacent_facts_other_value': 2, 'number_other_facts_same_value': 2, 'number_other_facts_other_value': 2, 'adjacent_col_used': 1, 'adjacent_row_used': 1, 'adjacent_block_used': 1, 'other_col_cons': 1, 'other_row_cons': 1, 'other_block_cons': 2, 'number_adjacent_row_facts': 2, 'number_adjacent_col_facts': 1, 'number_adjacent_block_facts': 2}"
61,62,"{'number_adjacent_facts_other_value': 5, 'number_other_facts_same_value': 2, 'number_other_facts_other_value': 1, 'adjacent_col_used': 1, 'adjacent_row_used': 1, 'adjacent_block_used': 1, 'other_col_cons': 1, 'other_row_cons': 1, 'other_block_cons': 1, 'number_adjacent_row_facts': 4, 'number_adjacent_col_facts': 1, 'number_adjacent_block_facts': 2}"
62,63,"{'number_adjacent_facts_other_value': 1, 'number_other_facts_same_value': 4, 'number_other_facts_other_value': 1, 'adjacent_col_used': 1, 'adjacent_row_used': 1, 'adjacent_block_used': 1, 'other_col_cons': 2, 'other_row_cons': 1, 'other_block_cons': 4, 'number_adjacent_row_facts': 1, 'number_adjacent_col_facts': 1, 'number_adjacent_block_facts': 1}"
63,64,"{'number_adjacent_facts_other_value': 1, 'number_other_facts_same_value': 3, 'number_other_facts_other_value': 1, 'adjacent_col_used': 1, 'adjacent_row_used': 1, 'adjacent_block_used': 1, 'other_col_cons': 1, 'other_row_cons': 2, 'other_block_cons': 2, 'number_adjacent_row_facts': 1, 'number_adjacent_col_facts': 1, 'number_adjacent_block_facts': 1}"
64,65,"{'number_adjacent_facts_other_value': 4, 'number_other_facts_same_value': 2, 'number_other_facts_other_value': 1, 'adjacent_col_used': 1, 'adjacent_row_used': 1, 'adjacent_block_used': 1, 'other_col_cons': 2, 'other_row_cons': 1, 'other_block_cons': 3, 'number_adjacent_row_facts': 1, 'number_adjacent_col_facts': 4, 'number_adjacent_block_facts': 1}"
65,66,"{'number_adjacent_facts_other_value': 2, 'number_other_facts_same_value': 4, 'number_other_facts_other_value': 1, 'adjacent_col_used': 1, 'adjacent_row_used': 1, 'adjacent_block_used': 1, 'other_col_cons': 3, 'other_row_cons': 1, 'other_block_cons': 2, 'number_adjacent_row_facts': 2, 'number_adjacent_col_facts': 1, 'number_adjacent_block_facts': 1}"
66,67,"{'number_adjacent_facts_other_value': 5, 'number_other_facts_same_value': 1, 'number_other_facts_other_value': 1, 'adjacent_col_used': 1, 'adjacent_row_used': 1, 'adjacent_block_used': 1, 'other_col_cons': 2, 'other_row_cons': 1, 'other_block_cons': 1, 'number_adjacent_row_facts': 1, 'number_adjacent_col_facts': 5, 'number_adjacent_block_facts': 2}"
67,68,"{'number_adjacent_facts_other_value': 7, 'number_other_facts_same_value': 2, 'number_other_facts_other_value': 1, 'adjacent_col_used': 1, 'adjacent_row_used': 1, 'adjacent_block_used': 1, 'other_col_cons': 1, 'other_row_cons': 1, 'other_block_cons': 1, 'number_adjacent_row_facts': 1, 'number_adjacent_col_facts': 7, 'number_adjacent_block_facts': 1}"
68,69,"{'number_adjacent_facts_other_value': 1, 'number_other_facts_same_value': 3, 'number_other_facts_other_value': 1, 'adjacent_col_used': 1, 'adjacent_row_used': 1, 'adjacent_block_used': 1, 'other_col_cons': 1, 'other_row_cons': 2, 'other_block_cons': 2, 'number_adjacent_row_facts': 1, 'number_adjacent_col_facts': 1, 'number_adjacent_block_facts': 1}"
69,70,"{'number_adjacent_facts_other_value': 8, 'number_other_facts_same_value': 1, 'number_other_facts_other_value': 1, 'adjacent_col_used': 1, 'adjacent_row_used': 1, 'adjacent_block_used': 1, 'other_col_cons': 1, 'other_row_cons': 1, 'other_block_cons': 1, 'number_adjacent_row_facts': 1, 'number_adjacent_col_facts': 8, 'number_adjacent_block_facts': 2}"
70,71,"{'number_adjacent_facts_other_value': 3, 'number_other_facts_same_value': 5, 'number_other_facts_other_value': 1, 'adjacent_col_used': 1, 'adjacent_row_used': 1, 'adjacent_block_used': 1, 'other_col_cons': 5, 'other_row_cons': 1, 'other_block_cons': 3, 'number_adjacent_row_facts': 3, 'number_adjacent_col_facts': 1, 'number_adjacent_block_facts': 1}"
71,72,"{'number_adjacent_facts_other_value': 3, 'number_other_facts_same_value': 2, 'number_other_facts_other_value': 1, 'adjacent_col_used': 1, 'adjacent_row_used': 1, 'adjacent_block_used': 1, 'other_col_cons': 1, 'other_row_cons': 1, 'other_block_cons': 2, 'number_adjacent_row_facts': 1, 'number_adjacent_col_facts': 1, 'number_adjacent_block_facts': 3}"
72,73,"{'number_adjacent_facts_other_value': 4, 'number_other_facts_same_value': 4, 'number_other_facts_other_value': 3, 'adjacent_col_used': 1, 'adjacent_row_used': 1, 'adjacent_block_used': 1, 'other_col_cons': 3, 'other_row_cons': 2, 'other_block_cons': 8, 'number_adjacent_row_facts': 4, 'number_adjacent_col_facts': 1, 'number_adjacent_block_facts': 1}"
73,74,"{'number_adjacent_facts_other_value': 3, 'number_other_facts_same_value': 2, 'number_other_facts_other_value': 1, 'adjacent_col_used': 1, 'adjacent_row_used': 1, 'adjacent_block_used': 1, 'other_col_cons': 1, 'other_row_cons': 1, 'other_block_cons': 2, 'number_adjacent_row_facts': 1, 'number_adjacent_col_facts': 1, 'number_adjacent_block_facts': 3}"
74,75,"{'number_adjacent_facts_other_value': 2, 'number_other_facts_same_value': 3, 'number_other_facts_other_value': 1, 'adjacent_col_used': 1, 'adjacent_row_used': 1, 'adjacent_block_used': 1, 'other_col_cons': 1, 'other_row_cons': 1, 'other_block_cons': 2, 'number_adjacent_row_facts': 2, 'number_adjacent_col_facts': 1, 'number_adjacent_block_facts': 2}"
75,76,"{'number_adjacent_facts_other_value': 5, 'number_other_facts_same_value': 2, 'number_other_facts_other_value': 1, 'adjacent_col_used': 1, 'adjacent_row_used': 1, 'adjacent_block_used': 1, 'other_col_cons': 1, 'other_row_cons': 1, 'other_block_cons': 2, 'number_adjacent_row_facts': 2, 'number_adjacent_col_facts': 2, 'number_adjacent_block_facts': 5}"
76,77,"{'number_adjacent_facts_other_value': 4, 'number_other_facts_same_value': 3, 'number_other_facts_other_value': 1, 'adjacent_col_used': 1, 'adjacent_row_used': 1, 'adjacent_block_used': 1, 'other_col_cons': 1, 'other_row_cons': 1, 'other_block_cons': 2, 'number_adjacent_row_facts': 4, 'number_adjacent_col_facts': 1, 'number_adjacent_block_facts': 1}"
77,78,"{'number_adjacent_facts_other_value': 4, 'number_other_facts_same_value': 2, 'number_other_facts_other_value': 1, 'adjacent_col_used': 1, 'adjacent_row_used': 1, 'adjacent_block_used': 1, 'other_col_cons': 1, 'other_row_cons': 1, 'other_block_cons': 2, 'number_adjacent_row_facts': 1, 'number_adjacent_col_facts': 4, 'number_adjacent_block_facts': 2}"
78,79,"{'number_adjacent_facts_other_value': 1, 'number_other_facts_same_value': 3, 'number_other_facts_other_value': 1, 'adjacent_col_used': 1, 'adjacent_row_used': 1, 'adjacent_block_used': 1, 'other_col_cons': 1, 'other_row_cons': 1, 'other_block_cons': 2, 'number_adjacent_row_facts': 1, 'number_adjacent_col_facts': 1, 'number_adjacent_block_facts': 1}"
79,80,"{'number_adjacent_facts_other_value': 3, 'number_other_facts_same_value': 4, 'number_other_facts_other_value': 1, 'adjacent_col_used': 1, 'adjacent_row_used': 1, 'adjacent_block_used': 1, 'other_col_cons': 3, 'other_row_cons': 1, 'other_block_cons': 1, 'number_adjacent_row_facts': 3, 'number_adjacent_col_facts': 1, 'number_adjacent_block_facts': 1}"
80,81,"{'number_adjacent_facts_other_value': 6, 'number_other_facts_same_value': 3, 'number_other_facts_other_value': 1, 'adjacent_col_used': 1, 'adjacent_row_used': 1, 'adjacent_block_used': 1, 'other_col_cons': 3, 'other_row_cons': 1, 'other_block_cons': 1, 'number_adjacent_row_facts': 6, 'number_adjacent_col_facts': 1, 'number_adjacent_block_facts': 1}"
81,82,"{'number_adjacent_facts_other_value': 2, 'number_other_facts_same_value': 2, 'number_other_facts_other_value': 1, 'adjacent_col_used': 1, 'adjacent_row_used': 1, 'adjacent_block_used': 1, 'other_col_cons': 2, 'other_row_cons': 1, 'other_block_cons': 2, 'number_adjacent_row_facts': 1, 'number_adjacent_col_facts': 2, 'number_adjacent_block_facts': 2}"
82,83,"{'number_adjacent_facts_other_value': 5, 'number_other_facts_same_value': 1, 'number_other_facts_other_value': 1, 'adjacent_col_used': 1, 'adjacent_row_used': 1, 'adjacent_block_used': 1, 'other_col_cons': 1, 'other_row_cons': 1, 'other_block_cons': 2, 'number_adjacent_row_facts': 1, 'number_adjacent_col_facts': 2, 'number_adjacent_block_facts': 5}"
83,84,"{'number_adjacent_facts_other_value': 8, 'number_other_facts_same_value': 1, 'number_other_facts_other_value': 1, 'adjacent_col_used': 1, 'adjacent_row_used': 1, 'adjacent_block_used': 1, 'other_col_cons': 1, 'other_row_cons': 1, 'other_block_cons': 1, 'number_adjacent_row_facts': 4, 'number_adjacent_col_facts': 5, 'number_adjacent_block_facts': 2}"
84,85,"{'number_adjacent_facts_other_value': 8, 'number_other_facts_same_value': 1, 'number_other_facts_other_value': 1, 'adjacent_col_used': 1, 'adjacent_row_used': 1, 'adjacent_block_used': 1, 'other_col_cons': 1, 'other_row_cons': 1, 'other_block_cons': 1, 'number_adjacent_row_facts': 2, 'number_adjacent_col_facts': 7, 'number_adjacent_block_facts': 3}"
85,86,"{'number_adjacent_facts_other_value': 7, 'number_other_facts_same_value': 1, 'number_other_facts_other_value': 1, 'adjacent_col_used': 1, 'adjacent_row_used': 1, 'adjacent_block_used': 1, 'other_col_cons': 1, 'other_row_cons': 1, 'other_block_cons': 1, 'number_adjacent_row_facts': 2, 'number_adjacent_col_facts': 2, 'number_adjacent_block_facts': 6}"
86,87,"{'number_adjacent_facts_other_value': 8, 'number_other_facts_same_value': 1, 'number_other_facts_other_value': 1, 'adjacent_col_used': 1, 'adjacent_row_used': 1, 'adjacent_block_used': 1, 'other_col_cons': 1, 'other_row_cons': 1, 'other_block_cons': 1, 'number_adjacent_row_facts': 1, 'number_adjacent_col_facts': 8, 'number_adjacent_block_facts': 2}"
87,88,"{'number_adjacent_facts_other_value': 8, 'number_other_facts_same_value': 1, 'number_other_facts_other_value': 1, 'adjacent_col_used': 1, 'adjacent_row_used': 1, 'adjacent_block_used': 1, 'other_col_cons': 1, 'other_row_cons': 1, 'other_block_cons': 1, 'number_adjacent_row_facts': 1, 'number_adjacent_col_facts': 8, 'number_adjacent_block_facts': 2}"
88,89,"{'number_adjacent_facts_other_value': 6, 'number_other_facts_same_value': 3, 'number_other_facts_other_value': 1, 'adjacent_col_used': 1, 'adjacent_row_used': 1, 'adjacent_block_used': 1, 'other_col_cons': 1, 'other_row_cons': 2, 'other_block_cons': 1, 'number_adjacent_row_facts': 1, 'number_adjacent_col_facts': 6, 'number_adjacent_block_facts': 1}"
89,90,"{'number_adjacent_facts_other_value': 2, 'number_other_facts_same_value': 3, 'number_other_facts_other_value': 1, 'adjacent_col_used': 1, 'adjacent_row_used': 1, 'adjacent_block_used': 1, 'other_col_cons': 1, 'other_row_cons': 1, 'other_block_cons': 2, 'number_adjacent_row_facts': 2, 'number_adjacent_col_facts': 1, 'number_adjacent_block_facts': 2}"
90,91,"{'number_adjacent_facts_other_value': 4, 'number_other_facts_same_value': 3, 'number_other_facts_other_value': 1, 'adjacent_col_used': 1, 'adjacent_row_used': 1, 'adjacent_block_used': 1, 'other_col_cons': 1, 'other_row_cons': 1, 'other_block_cons': 2, 'number_adjacent_row_facts': 1, 'number_adjacent_col_facts': 1, 'number_adjacent_block_facts': 4}"
91,92,"{'number_adjacent_facts_other_value': 2, 'number_other_facts_same_value': 3, 'number_other_facts_other_value': 1, 'adjacent_col_used': 1, 'adjacent_row_used': 1, 'adjacent_block_used': 1, 'other_col_cons': 1, 'other_row_cons': 1, 'other_block_cons': 2, 'number_adjacent_row_facts': 2, 'number_adjacent_col_facts': 1, 'number_adjacent_block_facts': 2}"
92,93,"{'number_adjacent_facts_other_value': 1, 'number_other_facts_same_value': 3, 'number_other_facts_other_value': 1, 'adjacent_col_used': 1, 'adjacent_row_used': 1, 'adjacent_block_used': 1, 'other_col_cons': 1, 'other_row_cons': 1, 'other_block_cons': 2, 'number_adjacent_row_facts': 1, 'number_adjacent_col_facts': 1, 'number_adjacent_block_facts': 1}"
93,94,"{'number_adjacent_facts_other_value': 4, 'number_other_facts_same_value': 2, 'number_other_facts_other_value': 1, 'adjacent_col_used': 1, 'adjacent_row_used': 1, 'adjacent_block_used': 1, 'other_col_cons': 1, 'other_row_cons': 1, 'other_block_cons': 2, 'number_adjacent_row_facts': 1, 'number_adjacent_col_facts': 4, 'number_adjacent_block_facts': 2}"
94,95,"{'number_adjacent_facts_other_value': 5, 'number_other_facts_same_value': 2, 'number_other_facts_other_value': 1, 'adjacent_col_used': 1, 'adjacent_row_used': 1, 'adjacent_block_used': 1, 'other_col_cons': 1, 'other_row_cons': 1, 'other_block_cons': 2, 'number_adjacent_row_facts': 5, 'number_adjacent_col_facts': 1, 'number_adjacent_block_facts': 2}"
95,96,"{'number_adjacent_facts_other_value': 5, 'number_other_facts_same_value': 2, 'number_other_facts_other_value': 1, 'adjacent_col_used': 1, 'adjacent_row_used': 1, 'adjacent_block_used': 1, 'other_col_cons': 1, 'other_row_cons': 1, 'other_block_cons': 2, 'number_adjacent_row_facts': 1, 'number_adjacent_col_facts': 5, 'number_adjacent_block_facts': 2}"
96,97,"{'number_adjacent_facts_other_value': 8, 'number_other_facts_same_value': 1, 'number_other_facts_other_value': 1, 'adjacent_col_used': 1, 'adjacent_row_used': 1, 'adjacent_block_used': 1, 'other_col_cons': 1, 'other_row_cons': 1, 'other_block_cons': 1, 'number_adjacent_row_facts': 3, 'number_adjacent_col_facts': 6, 'number_adjacent_block_facts': 2}"
97,98,"{'number_adjacent_facts_other_value': 5, 'number_other_facts_same_value': 2, 'number_other_facts_other_value': 1, 'adjacent_col_used': 1, 'adjacent_row_used': 1, 'adjacent_block_used': 1, 'other_col_cons': 1, 'other_row_cons': 1, 'other_block_cons': 2, 'number_adjacent_row_facts': 5, 'number_adjacent_col_facts': 1, 'number_adjacent_block_facts': 2}"
98,99,"{'number_adjacent_facts_other_value': 8, 'number_other_facts_same_value': 1, 'number_other_facts_other_value': 1, 'adjacent_col_used': 1, 'adjacent_row_used': 1, 'adjacent_block_used': 1, 'other_col_cons': 1, 'other_row_cons': 1, 'other_block_cons': 1, 'number_adjacent_row_facts': 8, 'number_adjacent_col_facts': 1, 'number_adjacent_block_facts': 2}"
99,100,"{'number_adjacent_facts_other_value': 8, 'number_other_facts_same_value': 1, 'number_other_facts_other_value': 1, 'adjacent_col_used': 1, 'adjacent_row_used': 1, 'adjacent_block_used': 1, 'other_col_cons': 1, 'other_row_cons': 1, 'other_block_cons': 1, 'number_adjacent_row_facts': 8, 'number_adjacent_col_facts': 2, 'number_adjacent_block_facts': 8}"
